GEO.id,GEO.id2,GEO.display-label,HD01_VD01,HD02_VD01,HD01_VD02,HD02_VD02,HD01_VD03,HD02_VD03
Id,Id2,Geography,Estimate; Total:,Margin of Error; Total:,Estimate; Total: - Owner occupied,Margin of Error; Total: - Owner occupied,Estimate; Total: - Renter occupied,Margin of Error; Total: - Renter occupied
0500000US01003,01003,"Baldwin County, Alabama",76779,3010,56144,2831,20635,2761
0500000US01015,01015,"Calhoun County, Alabama",43972,1687,29321,1746,14651,1883
0500000US01043,01043,"Cullman County, Alabama",30299,1234,23306,1387,6993,1380
0500000US01049,01049,"DeKalb County, Alabama",25383,1190,18185,1270,7198,1232
0500000US01051,01051,"Elmore County, Alabama",29350,1102,20862,1438,8488,1395
0500000US01055,01055,"Etowah County, Alabama",38766,1489,27766,1670,11000,1537
0500000US01069,01069,"Houston County, Alabama",39167,959,25239,834,13928,833
0500000US01073,01073,"Jefferson County, Alabama",261904,4316,164444,4205,97460,4200
0500000US01077,01077,"Lauderdale County, Alabama",37875,1391,26444,1668,11431,1397
0500000US01081,01081,"Lee County, Alabama",59354,1783,34720,2259,24634,2393
0500000US01083,01083,"Limestone County, Alabama",31880,1214,23032,1402,8848,1324
0500000US01089,01089,"Madison County, Alabama",143669,2833,97908,3145,45761,2906
0500000US01095,01095,"Marshall County, Alabama",34726,1047,23374,1560,11352,1539
0500000US01097,01097,"Mobile County, Alabama",157141,2741,103022,3018,54119,3167
0500000US01101,01101,"Montgomery County, Alabama",90827,1963,53027,2777,37800,2858
0500000US01103,01103,"Morgan County, Alabama",44816,1847,34361,1853,10455,1432
0500000US01115,01115,"St. Clair County, Alabama",31615,1367,26735,1627,4880,1247
0500000US01117,01117,"Shelby County, Alabama",76059,1692,60642,1923,15417,1950
0500000US01121,01121,"Talladega County, Alabama",31517,1635,24302,1474,7215,1363
0500000US01125,01125,"Tuscaloosa County, Alabama",73825,2003,45372,2128,28453,2381
0500000US01127,01127,"Walker County, Alabama",23863,1316,18851,1324,5012,869
0500000US02020,02020,"Anchorage Municipality, Alaska",105249,1864,64320,2628,40929,3066
0500000US02090,02090,"Fairbanks North Star Borough, Alaska",33770,1901,21049,1667,12721,1553
0500000US02170,02170,"Matanuska-Susitna Borough, Alaska",30305,769,23092,768,7213,823
0500000US04001,04001,"Apache County, Arizona",20018,884,15698,963,4320,536
0500000US04003,04003,"Cochise County, Arizona",50147,2119,33179,1669,16968,1577
0500000US04005,04005,"Coconino County, Arizona",47408,1957,28464,1604,18944,1866
0500000US04013,04013,"Maricopa County, Arizona",1521131,9246,920114,9029,601017,10384
0500000US04015,04015,"Mohave County, Arizona",84876,2775,58167,2949,26709,2643
0500000US04017,04017,"Navajo County, Arizona",33587,1656,23358,1352,10229,1344
0500000US04019,04019,"Pima County, Arizona",400835,4105,251474,5470,149361,4704
0500000US04021,04021,"Pinal County, Arizona",132352,3221,100589,3136,31763,2661
0500000US04025,04025,"Yavapai County, Arizona",94962,2874,69791,3002,25171,2668
0500000US04027,04027,"Yuma County, Arizona",73072,2001,49974,2135,23098,2396
0500000US05007,05007,"Benton County, Arkansas",94494,1606,62840,2362,31654,2333
0500000US05031,05031,"Craighead County, Arkansas",39813,1369,21589,1618,18224,1985
0500000US05045,05045,"Faulkner County, Arkansas",43964,1306,26698,1258,17266,1526
0500000US05051,05051,"Garland County, Arkansas",39309,2140,26135,1781,13174,2103
0500000US05069,05069,"Jefferson County, Arkansas",26750,1509,15814,1143,10936,1361
0500000US05085,05085,"Lonoke County, Arkansas",26327,934,18007,1363,8320,1303
0500000US05119,05119,"Pulaski County, Arkansas",161291,2762,90571,3051,70720,3115
0500000US05125,05125,"Saline County, Arkansas",43371,1397,34549,1768,8822,1262
0500000US05131,05131,"Sebastian County, Arkansas",51055,1457,29804,1705,21251,2075
0500000US05143,05143,"Washington County, Arkansas",88690,1279,44050,2519,44640,2438
0500000US05145,05145,"White County, Arkansas",28221,1401,17640,1331,10581,1499
0500000US06001,06001,"Alameda County, California",572012,3657,298896,4629,273116,5124
0500000US06007,06007,"Butte County, California",85531,2090,50565,2568,34966,2577
0500000US06013,06013,"Contra Costa County, California",391288,2968,250470,5469,140818,4812
0500000US06017,06017,"El Dorado County, California",69653,2207,52217,2373,17436,2403
0500000US06019,06019,"Fresno County, California",303216,2788,160427,4222,142789,4842
0500000US06023,06023,"Humboldt County, California",54230,1436,31645,1719,22585,1778
0500000US06025,06025,"Imperial County, California",44855,1612,27250,2220,17605,1963
0500000US06029,06029,"Kern County, California",270359,3011,154029,4145,116330,3992
0500000US06031,06031,"Kings County, California",43090,1044,20964,1524,22126,1740
0500000US06033,06033,"Lake County, California",24593,1484,14713,1634,9880,1645
0500000US06037,06037,"Los Angeles County, California",3305589,8089,1473521,8748,1832068,8487
0500000US06039,06039,"Madera County, California",44369,1495,26536,1669,17833,1821
0500000US06041,06041,"Marin County, California",106333,1579,66323,2169,40010,2247
0500000US06045,06045,"Mendocino County, California",35439,1083,20107,1464,15332,1711
0500000US06047,06047,"Merced County, California",77713,1471,40561,1936,37152,2142
0500000US06053,06053,"Monterey County, California",125740,2166,61838,2623,63902,2800
0500000US06055,06055,"Napa County, California",49561,1328,31551,1478,18010,1517
0500000US06057,06057,"Nevada County, California",38708,1911,28880,2043,9828,1653
0500000US06059,06059,"Orange County, California",1032218,5228,584632,7865,447586,7178
0500000US06061,06061,"Placer County, California",139104,2002,98999,3111,40105,2965
0500000US06065,06065,"Riverside County, California",715040,4938,457220,6742,257820,6852
0500000US06067,06067,"Sacramento County, California",535090,3201,295227,4744,239863,4796
0500000US06071,06071,"San Bernardino County, California",633173,4114,366237,5962,266936,6769
0500000US06073,06073,"San Diego County, California",1110568,6697,578303,8387,532265,7657
0500000US06075,06075,"San Francisco County, California",358703,4561,136000,4239,222703,5063
0500000US06077,06077,"San Joaquin County, California",227186,2066,122916,3280,104270,3462
0500000US06079,06079,"San Luis Obispo County, California",106312,2380,66537,2785,39775,2931
0500000US06081,06081,"San Mateo County, California",263445,2321,155169,3835,108276,3634
0500000US06083,06083,"Santa Barbara County, California",142449,2099,72634,2670,69815,2706
0500000US06085,06085,"Santa Clara County, California",635687,3094,358845,4616,276842,5527
0500000US06087,06087,"Santa Cruz County, California",96257,1860,56232,2964,40025,3133
0500000US06089,06089,"Shasta County, California",72095,1299,47147,1769,24948,1881
0500000US06095,06095,"Solano County, California",149172,1723,88501,3096,60671,3157
0500000US06097,06097,"Sonoma County, California",187504,2620,114629,3594,72875,3686
0500000US06099,06099,"Stanislaus County, California",172881,1805,97945,3565,74936,3696
0500000US06101,06101,"Sutter County, California",32345,817,16917,1448,15428,1468
0500000US06107,06107,"Tulare County, California",135648,1649,77556,3169,58092,3025
0500000US06111,06111,"Ventura County, California",268091,2469,166511,4376,101580,3849
0500000US06113,06113,"Yolo County, California",73055,1314,36546,1957,36509,2028
0500000US06115,06115,"Yuba County, California",26699,679,14220,1423,12479,1470
0500000US08001,08001,"Adams County, Colorado",163122,1428,106079,2600,57043,2665
0500000US08005,08005,"Arapahoe County, Colorado",235942,2086,147467,3875,88475,3680
0500000US08013,08013,"Boulder County, Colorado",123820,2004,80109,2252,43711,2264
0500000US08014,08014,"Broomfield County, Colorado",26269,479,17004,899,9265,963
0500000US08031,08031,"Denver County, Colorado",292003,2724,145998,4477,146005,5051
0500000US08035,08035,"Douglas County, Colorado",120125,1373,95424,2262,24701,2011
0500000US08041,08041,"El Paso County, Colorado",257508,2763,161230,4005,96278,4276
0500000US08059,08059,"Jefferson County, Colorado",230890,1877,165043,2950,65847,2854
0500000US08069,08069,"Larimer County, Colorado",131407,1911,83795,2505,47612,2748
0500000US08077,08077,"Mesa County, Colorado",60188,1483,38483,2146,21705,2345
0500000US08101,08101,"Pueblo County, Colorado",62275,1632,40340,2086,21935,1840
0500000US08123,08123,"Weld County, Colorado",102087,1317,72083,2201,30004,2178
0500000US09001,09001,"Fairfield County, Connecticut",335318,3387,218849,5054,116469,5096
0500000US09003,09003,"Hartford County, Connecticut",350369,2526,218283,3766,132086,4194
0500000US09005,09005,"Litchfield County, Connecticut",74105,1681,56055,2122,18050,1868
0500000US09007,09007,"Middlesex County, Connecticut",66002,1801,46933,1892,19069,1694
0500000US09009,09009,"New Haven County, Connecticut",327560,3536,200536,4468,127024,4106
0500000US09011,09011,"New London County, Connecticut",105113,2058,69554,1872,35559,2188
0500000US09013,09013,"Tolland County, Connecticut",54068,1539,39292,1667,14776,1899
0500000US09015,09015,"Windham County, Connecticut",44734,1183,29571,1801,15163,1658
0500000US10001,10001,"Kent County, Delaware",64452,1537,43176,2012,21276,1794
0500000US10003,10003,"New Castle County, Delaware",203782,2314,136282,3362,67500,3259
0500000US10005,10005,"Sussex County, Delaware",82851,2545,65547,2308,17304,2030
0500000US11001,11001,"District of Columbia, District of Columbia",281241,3152,110376,3494,170865,4218
0500000US12001,12001,"Alachua County, Florida",94428,3539,49704,2189,44724,3185
0500000US12005,12005,"Bay County, Florida",70330,2729,45058,2422,25272,2467
0500000US12009,12009,"Brevard County, Florida",226021,4123,163354,4697,62667,4229
0500000US12011,12011,"Broward County, Florida",681474,7066,415408,7113,266066,6893
0500000US12015,12015,"Charlotte County, Florida",75147,2941,58478,2844,16669,2034
0500000US12017,12017,"Citrus County, Florida",63581,2500,51387,2557,12194,2017
0500000US12019,12019,"Clay County, Florida",74130,1242,55903,2914,18227,2649
0500000US12021,12021,"Collier County, Florida",139522,4307,101132,3395,38390,3087
0500000US12023,12023,"Columbia County, Florida",24215,1165,16904,1524,7311,1480
0500000US12031,12031,"Duval County, Florida",353946,4959,202485,4915,151461,5238
0500000US12033,12033,"Escambia County, Florida",118702,2712,72654,2945,46048,3248
0500000US12035,12035,"Flagler County, Florida",41311,1902,30509,1767,10802,1712
0500000US12053,12053,"Hernando County, Florida",74262,2002,58214,2195,16048,1995
0500000US12055,12055,"Highlands County, Florida",38808,2109,28468,1834,10340,1802
0500000US12057,12057,"Hillsborough County, Florida",514487,5129,292852,6323,221635,5958
0500000US12061,12061,"Indian River County, Florida",55427,2857,43141,2589,12286,1872
0500000US12069,12069,"Lake County, Florida",128888,3114,94735,3154,34153,3160
0500000US12071,12071,"Lee County, Florida",261735,5295,183684,4788,78051,4530
0500000US12073,12073,"Leon County, Florida",112119,2406,58115,2183,54004,2868
0500000US12081,12081,"Manatee County, Florida",142465,2824,99095,2816,43370,3093
0500000US12083,12083,"Marion County, Florida",134239,3539,95971,3815,38268,3597
0500000US12085,12085,"Martin County, Florida",62976,2406,48827,2372,14149,1958
0500000US12086,12086,"Miami-Dade County, Florida",880766,6091,446018,7752,434748,8149
0500000US12087,12087,"Monroe County, Florida",30318,1827,17449,1466,12869,1624
0500000US12089,12089,"Nassau County, Florida",30547,1471,24906,1716,5641,1294
0500000US12091,12091,"Okaloosa County, Florida",76102,2334,48748,2689,27354,2619
0500000US12095,12095,"Orange County, Florida",468515,4842,251100,5857,217415,5748
0500000US12097,12097,"Osceola County, Florida",97569,3624,58219,3755,39350,3544
0500000US12099,12099,"Palm Beach County, Florida",536446,6570,362326,6612,174120,5684
0500000US12101,12101,"Pasco County, Florida",195628,2957,140560,2950,55068,3223
0500000US12103,12103,"Pinellas County, Florida",407268,5562,265182,5332,142086,4995
0500000US12105,12105,"Polk County, Florida",226429,3850,153753,4435,72676,3900
0500000US12107,12107,"Putnam County, Florida",28025,1357,20320,1448,7705,1403
0500000US12109,12109,"St. Johns County, Florida",84187,2400,65846,2725,18341,2391
0500000US12111,12111,"St. Lucie County, Florida",111617,3321,77775,3814,33842,3768
0500000US12113,12113,"Santa Rosa County, Florida",61817,1845,46575,2215,15242,1993
0500000US12115,12115,"Sarasota County, Florida",176191,4327,134542,4020,41649,2923
0500000US12117,12117,"Seminole County, Florida",167549,2524,107604,3054,59945,3334
0500000US12119,12119,"Sumter County, Florida",51781,2926,46693,2737,5088,1365
0500000US12127,12127,"Volusia County, Florida",214039,4010,149695,4458,64344,3611
0500000US12131,12131,"Walton County, Florida",27207,2120,18834,1845,8373,1668
0500000US13013,13013,"Barrow County, Georgia",24865,971,17344,1228,7521,1166
0500000US13015,13015,"Bartow County, Georgia",36430,1317,21529,1743,14901,1955
0500000US13021,13021,"Bibb County, Georgia",57692,1763,29657,1707,28035,2045
0500000US13031,13031,"Bulloch County, Georgia",26411,1512,14951,1259,11460,1702
0500000US13045,13045,"Carroll County, Georgia",40516,1473,28579,1790,11937,1639
0500000US13047,13047,"Catoosa County, Georgia",24743,1128,18259,1406,6484,1147
0500000US13051,13051,"Chatham County, Georgia",110185,1840,59249,2623,50936,2894
0500000US13057,13057,"Cherokee County, Georgia",84088,1934,64737,2501,19351,2614
0500000US13059,13059,"Clarke County, Georgia",47563,1363,16182,1275,31381,1599
0500000US13063,13063,"Clayton County, Georgia",94346,2051,46457,2670,47889,2811
0500000US13067,13067,"Cobb County, Georgia",277949,2711,175876,5027,102073,4653
0500000US13073,13073,"Columbia County, Georgia",47513,1934,35812,2217,11701,1940
0500000US13077,13077,"Coweta County, Georgia",50503,1202,35296,1714,15207,1811
0500000US13089,13089,"DeKalb County, Georgia",281356,3760,142545,4103,138811,4945
0500000US13095,13095,"Dougherty County, Georgia",34264,1537,15262,1364,19002,1672
0500000US13097,13097,"Douglas County, Georgia",48901,1209,30163,1889,18738,1858
0500000US13113,13113,"Fayette County, Georgia",40046,922,32027,1535,8019,1383
0500000US13115,13115,"Floyd County, Georgia",35411,1199,21498,1413,13913,1477
0500000US13117,13117,"Forsyth County, Georgia",72208,1311,60103,1848,12105,1467
0500000US13121,13121,"Fulton County, Georgia",396184,4547,198548,4893,197636,6042
0500000US13127,13127,"Glynn County, Georgia",31757,2289,19587,2116,12170,1983
0500000US13135,13135,"Gwinnett County, Georgia",290405,2752,187095,5831,103310,5212
0500000US13139,13139,"Hall County, Georgia",62038,1709,40592,2052,21446,1890
0500000US13151,13151,"Henry County, Georgia",74473,1560,51225,2662,23248,2494
0500000US13153,13153,"Houston County, Georgia",55901,1389,36641,2062,19260,2104
0500000US13179,13179,"Liberty County, Georgia",22952,1001,8696,896,14256,1183
0500000US13185,13185,"Lowndes County, Georgia",40835,1341,20406,1803,20429,1806
0500000US13215,13215,"Muscogee County, Georgia",73051,2017,33833,1878,39218,2207
0500000US13217,13217,"Newton County, Georgia",35825,1090,21973,2222,13852,2162
0500000US13223,13223,"Paulding County, Georgia",53249,1006,39432,2500,13817,2579
0500000US13245,13245,"Richmond County, Georgia",75909,2070,40536,2180,35373,2744
0500000US13247,13247,"Rockdale County, Georgia",30381,1165,21103,1495,9278,1713
0500000US13285,13285,"Troup County, Georgia",24493,1292,14617,1109,9876,1517
0500000US13295,13295,"Walker County, Georgia",25110,1422,17812,1434,7298,1270
0500000US13297,13297,"Walton County, Georgia",30715,1037,22192,1576,8523,1428
0500000US13313,13313,"Whitfield County, Georgia",35858,1376,23101,1659,12757,1643
0500000US15001,15001,"Hawaii County, Hawaii",69818,1668,46942,2298,22876,2231
0500000US15003,15003,"Honolulu County, Hawaii",309169,3715,167342,3450,141827,3521
0500000US15007,15007,"Kauai County, Hawaii",23214,1021,14616,1096,8598,1129
0500000US15009,15009,"Maui County, Hawaii",53612,1945,31726,1776,21886,1941
0500000US16001,16001,"Ada County, Idaho",167026,2212,114084,3867,52942,3689
0500000US16005,16005,"Bannock County, Idaho",30106,1132,21402,1320,8704,1156
0500000US16019,16019,"Bonneville County, Idaho",38464,1040,26800,1220,11664,1282
0500000US16027,16027,"Canyon County, Idaho",69859,1249,46524,2250,23335,2084
0500000US16055,16055,"Kootenai County, Idaho",58875,1834,38344,2345,20531,2230
0500000US16083,16083,"Twin Falls County, Idaho",30119,865,20631,1339,9488,1293
0500000US17001,17001,"Adams County, Illinois",27414,734,19655,1413,7759,1369
0500000US17019,17019,"Champaign County, Illinois",81856,2468,43883,2058,37973,2755
0500000US17031,17031,"Cook County, Illinois",1963973,8769,1098891,11220,865082,12124
0500000US17037,17037,"DeKalb County, Illinois",36690,1355,21305,1462,15385,1726
0500000US17043,17043,"DuPage County, Illinois",341320,2393,244220,3446,97100,3687
0500000US17089,17089,"Kane County, Illinois",175360,2537,125633,3306,49727,3374
0500000US17091,17091,"Kankakee County, Illinois",39314,1235,26879,1244,12435,1344
0500000US17093,17093,"Kendall County, Illinois",40752,620,33520,1951,7232,1848
0500000US17097,17097,"Lake County, Illinois",244390,2370,178467,3554,65923,3238
0500000US17099,17099,"LaSalle County, Illinois",44753,1080,32250,1624,12503,1408
0500000US17111,17111,"McHenry County, Illinois",110717,1470,85225,2528,25492,2370
0500000US17113,17113,"McLean County, Illinois",65644,1378,42608,1366,23036,1675
0500000US17115,17115,"Macon County, Illinois",44002,1353,29489,1324,14513,1267
0500000US17119,17119,"Madison County, Illinois",105465,2808,75697,2804,29768,2587
0500000US17143,17143,"Peoria County, Illinois",73209,1808,46443,1758,26766,1934
0500000US17161,17161,"Rock Island County, Illinois",60206,1162,41893,1648,18313,1806
0500000US17163,17163,"St. Clair County, Illinois",104782,2295,66289,2600,38493,2887
0500000US17167,17167,"Sangamon County, Illinois",82959,1528,58409,1937,24550,1939
0500000US17179,17179,"Tazewell County, Illinois",56051,919,43056,1464,12995,1354
0500000US17183,17183,"Vermilion County, Illinois",31928,1221,23154,1154,8774,1095
0500000US17197,17197,"Will County, Illinois",228068,2414,183930,3352,44138,3181
0500000US17199,17199,"Williamson County, Illinois",26761,1084,18023,1270,8738,1251
0500000US17201,17201,"Winnebago County, Illinois",114996,1992,71813,2477,43183,2725
0500000US18003,18003,"Allen County, Indiana",142762,2009,96425,2715,46337,2531
0500000US18005,18005,"Bartholomew County, Indiana",31626,953,22236,1489,9390,1273
0500000US18019,18019,"Clark County, Indiana",42498,1548,29343,1872,13155,1637
0500000US18035,18035,"Delaware County, Indiana",46720,1458,30132,1456,16588,1412
0500000US18039,18039,"Elkhart County, Indiana",72487,1467,48403,2176,24084,1874
0500000US18043,18043,"Floyd County, Indiana",29199,967,19940,1181,9259,1145
0500000US18053,18053,"Grant County, Indiana",26528,1025,16431,1153,10097,1261
0500000US18057,18057,"Hamilton County, Indiana",118521,1707,91909,2659,26612,2362
0500000US18059,18059,"Hancock County, Indiana",27968,810,21055,1187,6913,1248
0500000US18063,18063,"Hendricks County, Indiana",58677,1238,45260,2321,13417,2075
0500000US18067,18067,"Howard County, Indiana",34195,1167,22709,1384,11486,1440
0500000US18081,18081,"Johnson County, Indiana",54542,1630,39643,1792,14899,1710
0500000US18085,18085,"Kosciusko County, Indiana",30494,1012,22321,1306,8173,1282
0500000US18089,18089,"Lake County, Indiana",185575,2341,128135,3341,57440,3359
0500000US18091,18091,"LaPorte County, Indiana",42074,1553,31235,1432,10839,1417
0500000US18095,18095,"Madison County, Indiana",50964,1484,35566,1444,15398,1429
0500000US18097,18097,"Marion County, Indiana",368349,3531,194478,4382,173871,4996
0500000US18105,18105,"Monroe County, Indiana",54513,1571,30554,1662,23959,2004
0500000US18109,18109,"Morgan County, Indiana",25881,941,18655,1113,7226,1299
0500000US18127,18127,"Porter County, Indiana",62986,1607,48110,1975,14876,1666
0500000US18141,18141,"St. Joseph County, Indiana",97071,2206,64429,2506,32642,2311
0500000US18157,18157,"Tippecanoe County, Indiana",68405,1780,38677,1965,29728,2155
0500000US18163,18163,"Vanderburgh County, Indiana",74968,1879,46643,2092,28325,2088
0500000US18167,18167,"Vigo County, Indiana",40328,1505,25665,1634,14663,1800
0500000US18177,18177,"Wayne County, Indiana",26538,1149,17529,1202,9009,1305
0500000US19013,19013,"Black Hawk County, Iowa",52479,1390,34071,1659,18408,1797
0500000US19049,19049,"Dallas County, Iowa",33180,729,24405,1279,8775,1336
0500000US19061,19061,"Dubuque County, Iowa",37710,1062,27960,1050,9750,932
0500000US19103,19103,"Johnson County, Iowa",57217,1936,33063,1640,24154,2081
0500000US19113,19113,"Linn County, Iowa",89173,2138,65517,2090,23656,2159
0500000US19153,19153,"Polk County, Iowa",182537,2636,122351,2697,60186,2585
0500000US19155,19155,"Pottawattamie County, Iowa",36094,1075,23941,1330,12153,1033
0500000US19163,19163,"Scott County, Iowa",66527,1677,46148,1803,20379,1822
0500000US19169,19169,"Story County, Iowa",37350,985,19327,1143,18023,1122
0500000US19193,19193,"Woodbury County, Iowa",38637,1218,25604,1728,13033,1494
0500000US20015,20015,"Butler County, Kansas",24266,904,17059,1099,7207,1071
0500000US20045,20045,"Douglas County, Kansas",45572,1406,22872,1652,22700,1922
0500000US20091,20091,"Johnson County, Kansas",225606,2066,153430,3600,72176,3480
0500000US20103,20103,"Leavenworth County, Kansas",27174,1049,18454,1232,8720,1335
0500000US20161,20161,"Riley County, Kansas",25523,1501,10476,1081,15047,1509
0500000US20173,20173,"Sedgwick County, Kansas",195815,2528,125142,2555,70673,2902
0500000US20177,20177,"Shawnee County, Kansas",70101,1899,43959,1829,26142,2146
0500000US20209,20209,"Wyandotte County, Kansas",58524,1266,32811,1484,25713,1684
0500000US21015,21015,"Boone County, Kentucky",46849,1034,34103,1523,12746,1462
0500000US21029,21029,"Bullitt County, Kentucky",29037,876,24022,1133,5015,984
0500000US21037,21037,"Campbell County, Kentucky",36461,1248,25263,1307,11198,1382
0500000US21047,21047,"Christian County, Kentucky",25121,1117,11848,1248,13273,1262
0500000US21059,21059,"Daviess County, Kentucky",39629,1153,27718,1384,11911,1321
0500000US21067,21067,"Fayette County, Kentucky",127137,2102,70701,2349,56436,2371
0500000US21093,21093,"Hardin County, Kentucky",39684,1908,24704,1741,14980,2008
0500000US21111,21111,"Jefferson County, Kentucky",314161,2817,189117,4397,125044,4234
0500000US21117,21117,"Kenton County, Kentucky",63609,1297,42740,1626,20869,1745
0500000US21145,21145,"McCracken County, Kentucky",28416,1100,18457,1344,9959,1200
0500000US21151,21151,"Madison County, Kentucky",33633,1128,21184,1367,12449,1287
0500000US21185,21185,"Oldham County, Kentucky",21180,443,17035,966,4145,892
0500000US21227,21227,"Warren County, Kentucky",47444,1236,27597,1393,19847,1532
0500000US22005,22005,"Ascension Parish, Louisiana",40950,1545,33171,1862,7779,1499
0500000US22015,22015,"Bossier Parish, Louisiana",47458,1800,29712,2200,17746,2382
0500000US22017,22017,"Caddo Parish, Louisiana",96532,2351,56441,2859,40091,2994
0500000US22019,22019,"Calcasieu Parish, Louisiana",77029,2177,49921,2449,27108,2631
0500000US22033,22033,"East Baton Rouge Parish, Louisiana",163764,3551,92198,3286,71566,3507
0500000US22045,22045,"Iberia Parish, Louisiana",26240,1181,18808,1372,7432,1537
0500000US22051,22051,"Jefferson Parish, Louisiana",170710,2318,100028,3414,70682,3558
0500000US22055,22055,"Lafayette Parish, Louisiana",89130,2127,58000,2436,31130,2501
0500000US22057,22057,"Lafourche Parish, Louisiana",37199,999,27388,1352,9811,1403
0500000US22063,22063,"Livingston Parish, Louisiana",47479,1665,39065,2143,8414,1664
0500000US22071,22071,"Orleans Parish, Louisiana",154355,2906,71518,2697,82837,2901
0500000US22073,22073,"Ouachita Parish, Louisiana",54349,1840,30905,1798,23444,2144
0500000US22079,22079,"Rapides Parish, Louisiana",47745,1868,28664,1599,19081,1904
0500000US22097,22097,"St. Landry Parish, Louisiana",30302,1333,20522,1372,9780,1425
0500000US22103,22103,"St. Tammany Parish, Louisiana",92205,1838,72422,2819,19783,2277
0500000US22105,22105,"Tangipahoa Parish, Louisiana",47756,1780,31181,2174,16575,2181
0500000US22109,22109,"Terrebonne Parish, Louisiana",40102,1546,28725,1768,11377,1599
0500000US23001,23001,"Androscoggin County, Maine",44917,1105,28224,1686,16693,1736
0500000US23003,23003,"Aroostook County, Maine",27514,916,20321,945,7193,955
0500000US23005,23005,"Cumberland County, Maine",118049,2275,78307,2778,39742,2566
0500000US23011,23011,"Kennebec County, Maine",47791,1833,33690,1682,14101,1841
0500000US23019,23019,"Penobscot County, Maine",60195,1491,42995,1814,17200,1758
0500000US23031,23031,"York County, Maine",82469,2561,60823,2385,21646,2401
0500000US24001,24001,"Allegany County, Maryland",27608,1421,18796,996,8812,1255
0500000US24003,24003,"Anne Arundel County, Maryland",206956,2933,152831,4036,54125,3523
0500000US24005,24005,"Baltimore County, Maryland",312921,2473,201216,4288,111705,3945
0500000US24009,24009,"Calvert County, Maryland",32434,912,26359,1222,6075,1088
0500000US24013,24013,"Carroll County, Maryland",61661,973,50369,1722,11292,1695
0500000US24015,24015,"Cecil County, Maryland",37296,1460,26173,1655,11123,1717
0500000US24017,24017,"Charles County, Maryland",55929,1317,42752,1880,13177,1765
0500000US24021,24021,"Frederick County, Maryland",89800,1578,66976,1832,22824,1869
0500000US24025,24025,"Harford County, Maryland",91813,2011,72237,2163,19576,2236
0500000US24027,24027,"Howard County, Maryland",112542,1721,81938,2548,30604,2283
0500000US24031,24031,"Montgomery County, Maryland",373346,2949,241735,3779,131611,3916
0500000US24033,24033,"Prince George's County, Maryland",307816,2685,186867,3535,120949,3979
0500000US24037,24037,"St. Mary's County, Maryland",41368,1136,28023,1686,13345,1680
0500000US24043,24043,"Washington County, Maryland",55824,1661,37661,2129,18163,1693
0500000US24045,24045,"Wicomico County, Maryland",36774,1554,22146,1511,14628,1606
0500000US24510,24510,"Baltimore city, Maryland",240761,4046,110146,3498,130615,3787
0500000US25001,25001,"Barnstable County, Massachusetts",92582,3857,72842,3066,19740,2281
0500000US25003,25003,"Berkshire County, Massachusetts",54204,1712,37338,1545,16866,1763
0500000US25005,25005,"Bristol County, Massachusetts",214232,2316,133393,3038,80839,3112
0500000US25009,25009,"Essex County, Massachusetts",289817,2773,186890,3837,102927,4168
0500000US25011,25011,"Franklin County, Massachusetts",30868,736,21236,940,9632,1054
0500000US25013,25013,"Hampden County, Massachusetts",178623,2137,111185,2993,67438,3174
0500000US25015,25015,"Hampshire County, Massachusetts",58167,1210,37868,1473,20299,1662
0500000US25017,25017,"Middlesex County, Massachusetts",593437,4076,366955,5132,226482,4690
0500000US25021,25021,"Norfolk County, Massachusetts",260609,2715,178812,3699,81797,3999
0500000US25023,25023,"Plymouth County, Massachusetts",184577,2667,139253,3333,45324,3351
0500000US25025,25025,"Suffolk County, Massachusetts",306790,3509,109235,3291,197555,4330
0500000US25027,25027,"Worcester County, Massachusetts",304833,2918,196530,4788,108303,4208
0500000US26005,26005,"Allegan County, Michigan",41995,1226,35248,1214,6747,940
0500000US26017,26017,"Bay County, Michigan",43876,1199,35677,1446,8199,1046
0500000US26021,26021,"Berrien County, Michigan",62538,1519,43443,1539,19095,1725
0500000US26025,26025,"Calhoun County, Michigan",52888,1350,36599,1377,16289,1324
0500000US26037,26037,"Clinton County, Michigan",28944,704,23566,932,5378,891
0500000US26045,26045,"Eaton County, Michigan",44666,837,30748,1182,13918,1250
0500000US26049,26049,"Genesee County, Michigan",167171,2232,113681,2665,53490,2785
0500000US26055,26055,"Grand Traverse County, Michigan",37252,1261,28483,1399,8769,1506
0500000US26065,26065,"Ingham County, Michigan",111779,1888,65160,2212,46619,2167
0500000US26073,26073,"Isabella County, Michigan",23920,955,15118,748,8802,937
0500000US26075,26075,"Jackson County, Michigan",59993,1688,44077,1903,15916,1611
0500000US26077,26077,"Kalamazoo County, Michigan",102336,1841,66079,1758,36257,1840
0500000US26081,26081,"Kent County, Michigan",238472,2322,166400,3531,72072,3167
0500000US26087,26087,"Lapeer County, Michigan",33178,923,25293,1166,7885,985
0500000US26091,26091,"Lenawee County, Michigan",37781,1320,29762,1273,8019,1066
0500000US26093,26093,"Livingston County, Michigan",70787,1244,59602,1174,11185,1077
0500000US26099,26099,"Macomb County, Michigan",342255,3004,251268,4639,90987,4571
0500000US26103,26103,"Marquette County, Michigan",25822,873,18986,913,6836,916
0500000US26111,26111,"Midland County, Michigan",34381,705,25882,943,8499,1023
0500000US26115,26115,"Monroe County, Michigan",58789,1096,47059,1602,11730,1302
0500000US26121,26121,"Muskegon County, Michigan",65437,1620,47467,1608,17970,1473
0500000US26125,26125,"Oakland County, Michigan",500750,3647,350204,4392,150546,4338
0500000US26139,26139,"Ottawa County, Michigan",100425,1475,76163,2139,24262,2067
0500000US26145,26145,"Saginaw County, Michigan",78494,1405,56476,1727,22018,1701
0500000US26147,26147,"St. Clair County, Michigan",65681,1350,47460,1543,18221,1610
0500000US26155,26155,"Shiawassee County, Michigan",28071,602,21367,1010,6704,1015
0500000US26159,26159,"Van Buren County, Michigan",29337,1095,22782,1253,6555,1136
0500000US26161,26161,"Washtenaw County, Michigan",140079,1822,82939,1930,57140,2173
0500000US26163,26163,"Wayne County, Michigan",677208,5301,408781,5614,268427,5708
0500000US27003,27003,"Anoka County, Minnesota",126477,1009,100826,1903,25651,1879
0500000US27013,27013,"Blue Earth County, Minnesota",25687,603,14973,728,10714,823
0500000US27019,27019,"Carver County, Minnesota",36784,383,29175,1307,7609,1301
0500000US27037,27037,"Dakota County, Minnesota",159765,1427,117635,2112,42130,2047
0500000US27053,27053,"Hennepin County, Minnesota",502061,3716,306886,4498,195175,4831
0500000US27109,27109,"Olmsted County, Minnesota",61357,1001,45758,1395,15599,1418
0500000US27123,27123,"Ramsey County, Minnesota",208743,1912,123252,2503,85491,2677
0500000US27131,27131,"Rice County, Minnesota",22895,782,16961,1031,5934,815
0500000US27137,27137,"St. Louis County, Minnesota",85170,1615,59661,1785,25509,1917
0500000US27139,27139,"Scott County, Minnesota",48237,999,40008,1434,8229,1314
0500000US27141,27141,"Sherburne County, Minnesota",31574,1131,26235,1383,5339,1293
0500000US27145,27145,"Stearns County, Minnesota",58656,1176,39685,1431,18971,1484
0500000US27163,27163,"Washington County, Minnesota",92384,1457,75552,2335,16832,2197
0500000US27171,27171,"Wright County, Minnesota",47571,681,38829,1235,8742,1159
0500000US28033,28033,"DeSoto County, Mississippi",61039,1235,43982,1951,17057,1653
0500000US28035,28035,"Forrest County, Mississippi",28007,1273,15464,1406,12543,1611
0500000US28047,28047,"Harrison County, Mississippi",75266,2338,41437,2564,33829,2740
0500000US28049,28049,"Hinds County, Mississippi",91065,1798,54216,2484,36849,2289
0500000US28059,28059,"Jackson County, Mississippi",51637,1850,36059,2139,15578,1724
0500000US28067,28067,"Jones County, Mississippi",24901,1199,17805,1521,7096,1337
0500000US28075,28075,"Lauderdale County, Mississippi",28457,1463,19655,1401,8802,1437
0500000US28081,28081,"Lee County, Mississippi",33209,974,21298,1379,11911,1294
0500000US28089,28089,"Madison County, Mississippi",38251,1372,27250,1549,11001,1571
0500000US28121,28121,"Rankin County, Mississippi",56353,1338,43207,1851,13146,1684
0500000US29019,29019,"Boone County, Missouri",68848,1784,35682,1883,33166,2171
0500000US29021,29021,"Buchanan County, Missouri",33971,1084,21325,1449,12646,1526
0500000US29031,29031,"Cape Girardeau County, Missouri",29384,1149,19054,1254,10330,1180
0500000US29037,29037,"Cass County, Missouri",38983,788,28383,1565,10600,1449
0500000US29043,29043,"Christian County, Missouri",30920,1059,22213,1271,8707,1190
0500000US29047,29047,"Clay County, Missouri",89398,1764,63357,1974,26041,2082
0500000US29051,29051,"Cole County, Missouri",29995,1096,20348,1377,9647,1441
0500000US29071,29071,"Franklin County, Missouri",40023,1199,29647,1500,10376,1466
0500000US29077,29077,"Greene County, Missouri",121734,1955,68988,2447,52746,2715
0500000US29095,29095,"Jackson County, Missouri",281910,3278,161348,3563,120562,3935
0500000US29097,29097,"Jasper County, Missouri",45730,1497,29879,1492,15851,1608
0500000US29099,29099,"Jefferson County, Missouri",83754,1394,64874,2454,18880,2344
0500000US29165,29165,"Platte County, Missouri",37929,1025,25208,1527,12721,1459
0500000US29183,29183,"St. Charles County, Missouri",143152,2185,117303,2292,25849,2252
0500000US29187,29187,"St. Francois County, Missouri",24350,1203,16243,1197,8107,1239
0500000US29189,29189,"St. Louis County, Missouri",403271,3995,272594,4991,130677,4751
0500000US29510,29510,"St. Louis city, Missouri",139021,3248,60598,2809,78423,3836
0500000US30013,30013,"Cascade County, Montana",33759,967,21438,1293,12321,1264
0500000US30029,30029,"Flathead County, Montana",39279,1534,28831,1502,10448,1531
0500000US30031,30031,"Gallatin County, Montana",39644,1504,23877,1366,15767,1672
0500000US30049,30049,"Lewis and Clark County, Montana",27283,1043,18747,1486,8536,1290
0500000US30063,30063,"Missoula County, Montana",47725,1317,28418,1631,19307,1807
0500000US30111,30111,"Yellowstone County, Montana",65019,1450,44982,1877,20037,2113
0500000US31055,31055,"Douglas County, Nebraska",214073,2230,131040,2736,83033,3019
0500000US31109,31109,"Lancaster County, Nebraska",122027,2130,71849,1959,50178,2447
0500000US31153,31153,"Sarpy County, Nebraska",64863,949,43334,1712,21529,1781
0500000US32003,32003,"Clark County, Nevada",755258,5554,395147,6628,360111,6921
0500000US32031,32031,"Washoe County, Nevada",174726,1883,100176,3456,74550,3781
0500000US33005,33005,"Cheshire County, New Hampshire",29428,1274,19550,1176,9878,1217
0500000US33009,33009,"Grafton County, New Hampshire",33546,1576,23587,1538,9959,1303
0500000US33011,33011,"Hillsborough County, New Hampshire",158777,1766,100789,2821,57988,2616
0500000US33013,33013,"Merrimack County, New Hampshire",57531,1332,40295,1656,17236,1563
0500000US33015,33015,"Rockingham County, New Hampshire",119688,1929,91740,2718,27948,2461
0500000US33017,33017,"Strafford County, New Hampshire",48351,1519,33208,1779,15143,1699
0500000US34001,34001,"Atlantic County, New Jersey",96777,2551,65459,2701,31318,2246
0500000US34003,34003,"Bergen County, New Jersey",337227,2888,214790,4404,122437,4191
0500000US34005,34005,"Burlington County, New Jersey",165862,1895,125711,2727,40151,2588
0500000US34007,34007,"Camden County, New Jersey",185512,2503,125281,3437,60231,3464
0500000US34009,34009,"Cape May County, New Jersey",38895,2016,29822,2015,9073,1314
0500000US34011,34011,"Cumberland County, New Jersey",50787,1533,30879,1937,19908,2208
0500000US34013,34013,"Essex County, New Jersey",280734,2584,119868,3794,160866,3835
0500000US34015,34015,"Gloucester County, New Jersey",105436,1724,82966,2199,22470,1865
0500000US34017,34017,"Hudson County, New Jersey",253321,2976,77485,3525,175836,4288
0500000US34019,34019,"Hunterdon County, New Jersey",47195,1182,39579,1357,7616,1038
0500000US34021,34021,"Mercer County, New Jersey",128332,2175,80834,2368,47498,2624
0500000US34023,34023,"Middlesex County, New Jersey",283661,3081,179257,3943,104404,3834
0500000US34025,34025,"Monmouth County, New Jersey",230769,3025,166208,3158,64561,3137
0500000US34027,34027,"Morris County, New Jersey",181059,1858,136087,3422,44972,3239
0500000US34029,34029,"Ocean County, New Jersey",224308,3641,175845,4071,48463,3562
0500000US34031,34031,"Passaic County, New Jersey",163868,2066,83895,2994,79973,3557
0500000US34033,34033,"Salem County, New Jersey",24195,963,16273,1089,7922,1080
0500000US34035,34035,"Somerset County, New Jersey",116169,2032,86798,2701,29371,2780
0500000US34037,34037,"Sussex County, New Jersey",51978,1940,42561,1759,9417,1459
0500000US34039,34039,"Union County, New Jersey",187922,1953,110760,3258,77162,3439
0500000US34041,34041,"Warren County, New Jersey",40512,1219,29569,1467,10943,1338
0500000US35001,35001,"Bernalillo County, New Mexico",262328,2956,167589,4206,94739,4246
0500000US35005,35005,"Chaves County, New Mexico",22516,1187,15149,1361,7367,1412
0500000US35013,35013,"Doña Ana County, New Mexico",75759,2038,45277,2355,30482,2790
0500000US35025,35025,"Lea County, New Mexico",20793,1247,14003,1196,6790,1219
0500000US35031,35031,"McKinley County, New Mexico",20061,676,13041,963,7020,955
0500000US35035,35035,"Otero County, New Mexico",22384,1623,15152,1583,7232,1257
0500000US35043,35043,"Sandoval County, New Mexico",49821,1240,42096,1692,7725,1371
0500000US35045,35045,"San Juan County, New Mexico",43093,976,30574,1467,12519,1464
0500000US35049,35049,"Santa Fe County, New Mexico",60096,1582,41983,1686,18113,1631
0500000US35061,35061,"Valencia County, New Mexico",26575,1081,20509,1035,6066,1208
0500000US36001,36001,"Albany County, New York",125329,2110,68218,2562,57111,3157
0500000US36005,36005,"Bronx County, New York",498539,3078,96282,4190,402257,4695
0500000US36007,36007,"Broome County, New York",76957,2045,49381,1838,27576,2264
0500000US36009,36009,"Cattaraugus County, New York",31409,1137,22810,996,8599,1152
0500000US36011,36011,"Cayuga County, New York",30966,1110,21833,1063,9133,1139
0500000US36013,36013,"Chautauqua County, New York",51705,1835,35199,1384,16506,1691
0500000US36015,36015,"Chemung County, New York",34418,1411,22271,1280,12147,1435
0500000US36019,36019,"Clinton County, New York",30624,1203,21466,1355,9158,1252
0500000US36027,36027,"Dutchess County, New York",108200,2382,73235,2445,34965,2336
0500000US36029,36029,"Erie County, New York",380473,3446,246666,4149,133807,4451
0500000US36045,36045,"Jefferson County, New York",41415,1556,24188,1300,17227,1588
0500000US36047,36047,"Kings County, New York",941871,4738,277746,6184,664125,6979
0500000US36051,36051,"Livingston County, New York",23904,915,17829,1119,6075,1059
0500000US36053,36053,"Madison County, New York",25612,1346,20207,1173,5405,995
0500000US36055,36055,"Monroe County, New York",299224,3017,188269,3248,110955,3639
0500000US36059,36059,"Nassau County, New York",440785,2860,354646,4602,86139,4584
0500000US36061,36061,"New York County, New York",748293,8650,172324,6034,575969,10368
0500000US36063,36063,"Niagara County, New York",86786,2310,61439,2584,25347,1886
0500000US36065,36065,"Oneida County, New York",87929,2138,61217,1943,26712,2036
0500000US36067,36067,"Onondaga County, New York",182984,3063,118167,2950,64817,3272
0500000US36069,36069,"Ontario County, New York",45187,1314,32518,1473,12669,1236
0500000US36071,36071,"Orange County, New York",124365,2193,78678,2615,45687,2715
0500000US36075,36075,"Oswego County, New York",44633,1313,31518,1459,13115,1275
0500000US36079,36079,"Putnam County, New York",34762,1247,27300,1377,7462,1247
0500000US36081,36081,"Queens County, New York",761819,5689,335984,6461,425835,7016
0500000US36083,36083,"Rensselaer County, New York",62816,1588,39666,1792,23150,2089
0500000US36085,36085,"Richmond County, New York",164289,2449,115862,3264,48427,3087
0500000US36087,36087,"Rockland County, New York",99257,1652,68242,2075,31015,2089
0500000US36089,36089,"St. Lawrence County, New York",40479,1519,30002,1369,10477,1243
0500000US36091,36091,"Saratoga County, New York",93703,1741,67691,2197,26012,2204
0500000US36093,36093,"Schenectady County, New York",48720,1926,31705,1799,17015,1700
0500000US36101,36101,"Steuben County, New York",38458,1164,28003,1195,10455,1236
0500000US36103,36103,"Suffolk County, New York",474311,4927,374680,4938,99631,4066
0500000US36105,36105,"Sullivan County, New York",25031,1701,17852,1548,7179,1315
0500000US36109,36109,"Tompkins County, New York",37683,1516,20731,1301,16952,1689
0500000US36111,36111,"Ulster County, New York",68298,2281,46444,2017,21854,1700
0500000US36113,36113,"Warren County, New York",28841,1133,20086,1142,8755,1249
0500000US36117,36117,"Wayne County, New York",37496,901,28531,1392,8965,1338
0500000US36119,36119,"Westchester County, New York",342216,2884,207743,4910,134473,5045
0500000US37001,37001,"Alamance County, North Carolina",64369,1213,41019,1931,23350,1938
0500000US37019,37019,"Brunswick County, North Carolina",54331,2247,40468,2386,13863,2297
0500000US37021,37021,"Buncombe County, North Carolina",103127,2304,66105,2315,37022,2724
0500000US37023,37023,"Burke County, North Carolina",35211,1403,24025,1342,11186,1415
0500000US37025,37025,"Cabarrus County, North Carolina",70438,1600,49065,2136,21373,1887
0500000US37027,37027,"Caldwell County, North Carolina",32911,1167,21556,1513,11355,1492
0500000US37031,37031,"Carteret County, North Carolina",27506,1324,18732,1166,8774,1007
0500000US37035,37035,"Catawba County, North Carolina",61618,1514,41769,2062,19849,1981
0500000US37037,37037,"Chatham County, North Carolina",28568,986,22586,1200,5982,1091
0500000US37045,37045,"Cleveland County, North Carolina",36405,1576,23315,1623,13090,1432
0500000US37049,37049,"Craven County, North Carolina",40297,1433,26364,1457,13933,1589
0500000US37051,37051,"Cumberland County, North Carolina",124014,2304,64393,2343,59621,2387
0500000US37057,37057,"Davidson County, North Carolina",62695,2000,43583,1972,19112,1974
0500000US37063,37063,"Durham County, North Carolina",123697,1908,65114,2773,58583,3177
0500000US37067,37067,"Forsyth County, North Carolina",146219,2576,90933,2619,55286,3295
0500000US37071,37071,"Gaston County, North Carolina",82982,1245,52944,1968,30038,2294
0500000US37081,37081,"Guilford County, North Carolina",201520,3172,115427,3401,86093,3775
0500000US37085,37085,"Harnett County, North Carolina",43960,1230,27637,1534,16323,1341
0500000US37089,37089,"Henderson County, North Carolina",47791,1641,35989,1697,11802,1701
0500000US37097,37097,"Iredell County, North Carolina",65037,1312,45379,1845,19658,1743
0500000US37101,37101,"Johnston County, North Carolina",66254,1768,47945,2192,18309,2180
0500000US37109,37109,"Lincoln County, North Carolina",31588,1071,23761,1302,7827,1243
0500000US37119,37119,"Mecklenburg County, North Carolina",399504,3382,222853,3892,176651,4686
0500000US37125,37125,"Moore County, North Carolina",38786,1543,29113,1893,9673,1594
0500000US37127,37127,"Nash County, North Carolina",35409,1755,22240,1985,13169,1861
0500000US37129,37129,"New Hanover County, North Carolina",92808,2055,52291,2594,40517,2955
0500000US37133,37133,"Onslow County, North Carolina",61766,2212,31081,2173,30685,2380
0500000US37135,37135,"Orange County, North Carolina",50203,1789,32520,1491,17683,1987
0500000US37147,37147,"Pitt County, North Carolina",70019,1853,36950,2249,33069,2125
0500000US37151,37151,"Randolph County, North Carolina",56793,1278,41536,1754,15257,1830
0500000US37155,37155,"Robeson County, North Carolina",45123,984,30327,1245,14796,1327
0500000US37157,37157,"Rockingham County, North Carolina",38163,1477,24941,1397,13222,1604
0500000US37159,37159,"Rowan County, North Carolina",50138,2034,33884,1973,16254,1904
0500000US37161,37161,"Rutherford County, North Carolina",26982,1319,19439,1621,7543,1493
0500000US37171,37171,"Surry County, North Carolina",28261,1086,19410,1240,8851,1156
0500000US37179,37179,"Union County, North Carolina",74763,1121,61370,1850,13393,1737
0500000US37183,37183,"Wake County, North Carolina",387771,4888,242287,5469,145484,6123
0500000US37191,37191,"Wayne County, North Carolina",47240,1353,27626,1953,19614,1990
0500000US37193,37193,"Wilkes County, North Carolina",28771,1344,22316,1390,6455,1129
0500000US37195,37195,"Wilson County, North Carolina",30897,1331,19032,1497,11865,1543
0500000US38015,38015,"Burleigh County, North Dakota",39075,1081,27416,1417,11659,1387
0500000US38017,38017,"Cass County, North Dakota",76206,1441,39025,2011,37181,2172
0500000US38035,38035,"Grand Forks County, North Dakota",30045,1069,15131,822,14914,1209
0500000US38101,38101,"Ward County, North Dakota",27803,1490,16542,1213,11261,1459
0500000US39003,39003,"Allen County, Ohio",39982,1213,26298,1275,13684,1491
0500000US39007,39007,"Ashtabula County, Ohio",38728,1250,27825,1643,10903,1373
0500000US39009,39009,"Athens County, Ohio",21732,1142,12917,1071,8815,1208
0500000US39013,39013,"Belmont County, Ohio",27240,929,19726,1168,7514,1076
0500000US39017,39017,"Butler County, Ohio",137314,2256,91776,2516,45538,2813
0500000US39023,39023,"Clark County, Ohio",54548,1391,34859,1580,19689,1557
0500000US39025,39025,"Clermont County, Ohio",77925,1403,57327,1872,20598,1766
0500000US39029,39029,"Columbiana County, Ohio",41469,1478,30823,1671,10646,1696
0500000US39035,39035,"Cuyahoga County, Ohio",534355,4530,307665,4533,226690,5247
0500000US39041,39041,"Delaware County, Ohio",68617,1091,54565,1619,14052,1796
0500000US39043,39043,"Erie County, Ohio",30682,1432,21808,1651,8874,1350
0500000US39045,39045,"Fairfield County, Ohio",55614,1284,41939,1882,13675,1686
0500000US39049,39049,"Franklin County, Ohio",502932,4081,261192,5501,241740,6348
0500000US39055,39055,"Geauga County, Ohio",35519,658,31554,889,3965,822
0500000US39057,39057,"Greene County, Ohio",63908,1457,41726,1671,22182,1879
0500000US39061,39061,"Hamilton County, Ohio",335907,3583,190886,4490,145021,4589
0500000US39063,39063,"Hancock County, Ohio",31693,936,20702,1315,10991,1344
0500000US39081,39081,"Jefferson County, Ohio",26971,1186,18019,1153,8952,1098
0500000US39085,39085,"Lake County, Ohio",96325,1424,72011,2101,24314,1966
0500000US39089,39089,"Licking County, Ohio",62898,1554,44994,2112,17904,2077
0500000US39093,39093,"Lorain County, Ohio",117871,2165,84275,2173,33596,2311
0500000US39095,39095,"Lucas County, Ohio",180217,2346,103737,2989,76480,3571
0500000US39099,39099,"Mahoning County, Ohio",96998,2259,67271,2226,29727,1905
0500000US39101,39101,"Marion County, Ohio",25114,1713,16546,1492,8568,1389
0500000US39103,39103,"Medina County, Ohio",67812,1365,55201,1745,12611,1167
0500000US39109,39109,"Miami County, Ohio",41313,1173,28987,1621,12326,1477
0500000US39113,39113,"Montgomery County, Ohio",223131,3179,133685,3584,89446,3679
0500000US39119,39119,"Muskingum County, Ohio",34169,1315,22850,1287,11319,1381
0500000US39133,39133,"Portage County, Ohio",62468,1678,42693,1655,19775,2066
0500000US39139,39139,"Richland County, Ohio",48437,1420,32388,1620,16049,1817
0500000US39141,39141,"Ross County, Ohio",28710,1156,19521,1279,9189,1272
0500000US39145,39145,"Scioto County, Ohio",29904,1206,20311,1240,9593,1181
0500000US39151,39151,"Stark County, Ohio",152129,1952,104640,2610,47489,2461
0500000US39153,39153,"Summit County, Ohio",222202,2934,144041,3741,78161,4064
0500000US39155,39155,"Trumbull County, Ohio",85799,1744,58016,2469,27783,2302
0500000US39157,39157,"Tuscarawas County, Ohio",34968,1304,24716,1409,10252,1392
0500000US39165,39165,"Warren County, Ohio",82404,1178,64522,2054,17882,1920
0500000US39169,39169,"Wayne County, Ohio",43277,1009,30823,1325,12454,1288
0500000US39173,39173,"Wood County, Ohio",50175,1221,33500,1569,16675,1742
0500000US40017,40017,"Canadian County, Oklahoma",44235,1000,33389,1412,10846,1323
0500000US40027,40027,"Cleveland County, Oklahoma",105102,2170,66981,2724,38121,2692
0500000US40031,40031,"Comanche County, Oklahoma",42986,1636,22256,1552,20730,1381
0500000US40037,40037,"Creek County, Oklahoma",25658,635,18621,823,7037,628
0500000US40101,40101,"Muskogee County, Oklahoma",26000,853,16870,970,9130,929
0500000US40109,40109,"Oklahoma County, Oklahoma",300690,3262,175892,3732,124798,4018
0500000US40119,40119,"Payne County, Oklahoma",30657,1115,15163,993,15494,1330
0500000US40125,40125,"Pottawatomie County, Oklahoma",25547,769,17744,798,7803,695
0500000US40131,40131,"Rogers County, Oklahoma",34130,645,27023,866,7107,827
0500000US40143,40143,"Tulsa County, Oklahoma",254473,1476,148195,2386,106278,2649
0500000US40145,40145,"Wagoner County, Oklahoma",28289,618,22101,776,6188,655
0500000US41003,41003,"Benton County, Oregon",34543,1077,20217,945,14326,1128
0500000US41005,41005,"Clackamas County, Oregon",154070,1986,108555,2825,45515,2583
0500000US41017,41017,"Deschutes County, Oregon",71262,1966,47855,2409,23407,2587
0500000US41019,41019,"Douglas County, Oregon",43818,1380,29708,1526,14110,1742
0500000US41029,41029,"Jackson County, Oregon",86745,1916,54242,2178,32503,2281
0500000US41033,41033,"Josephine County, Oregon",35439,1093,22069,1666,13370,1551
0500000US41035,41035,"Klamath County, Oregon",26359,1213,16934,1381,9425,1200
0500000US41039,41039,"Lane County, Oregon",147712,2024,87013,2772,60699,3118
0500000US41043,41043,"Linn County, Oregon",46645,1122,30324,1994,16321,1856
0500000US41047,41047,"Marion County, Oregon",116787,1920,69237,3252,47550,2976
0500000US41051,41051,"Multnomah County, Oregon",320476,3269,169799,4780,150677,5061
0500000US41053,41053,"Polk County, Oregon",29291,891,18888,1203,10403,1258
0500000US41059,41059,"Umatilla County, Oregon",25900,1064,17165,1466,8735,1317
0500000US41067,41067,"Washington County, Oregon",213820,2466,130374,3642,83446,3616
0500000US41071,41071,"Yamhill County, Oregon",35832,1053,24273,1544,11559,1568
0500000US42001,42001,"Adams County, Pennsylvania",38125,1120,29720,1340,8405,1019
0500000US42003,42003,"Allegheny County, Pennsylvania",528892,4428,339009,5659,189883,5534
0500000US42005,42005,"Armstrong County, Pennsylvania",26105,1046,20738,1029,5367,665
0500000US42007,42007,"Beaver County, Pennsylvania",68811,1590,50223,1795,18588,1823
0500000US42011,42011,"Berks County, Pennsylvania",150402,2168,107037,2692,43365,2377
0500000US42013,42013,"Blair County, Pennsylvania",51154,1222,35090,1482,16064,1474
0500000US42017,42017,"Bucks County, Pennsylvania",234126,2116,179174,3440,54952,3074
0500000US42019,42019,"Butler County, Pennsylvania",75472,1271,57613,1605,17859,1483
0500000US42021,42021,"Cambria County, Pennsylvania",56443,1390,42272,1513,14171,1384
0500000US42025,42025,"Carbon County, Pennsylvania",25986,1507,20120,1530,5866,1269
0500000US42027,42027,"Centre County, Pennsylvania",57410,1622,36884,1434,20526,1975
0500000US42029,42029,"Chester County, Pennsylvania",187188,1987,138679,2823,48509,2829
0500000US42033,42033,"Clearfield County, Pennsylvania",29061,1313,22384,1206,6677,971
0500000US42037,42037,"Columbia County, Pennsylvania",26531,784,17870,1231,8661,1229
0500000US42039,42039,"Crawford County, Pennsylvania",33955,1132,25051,1099,8904,973
0500000US42041,42041,"Cumberland County, Pennsylvania",96906,1668,67611,2166,29295,2386
0500000US42043,42043,"Dauphin County, Pennsylvania",111260,2194,70971,2046,40289,2123
0500000US42045,42045,"Delaware County, Pennsylvania",205188,2111,138062,3066,67126,3081
0500000US42049,42049,"Erie County, Pennsylvania",109705,1868,72423,2484,37282,2121
0500000US42051,42051,"Fayette County, Pennsylvania",53662,1759,40184,1989,13478,1527
0500000US42055,42055,"Franklin County, Pennsylvania",60492,1081,42290,1804,18202,1640
0500000US42063,42063,"Indiana County, Pennsylvania",34786,955,24258,1228,10528,1129
0500000US42069,42069,"Lackawanna County, Pennsylvania",86203,1844,54480,1979,31723,2063
0500000US42071,42071,"Lancaster County, Pennsylvania",196807,2063,133078,3033,63729,3160
0500000US42073,42073,"Lawrence County, Pennsylvania",35861,921,26352,1315,9509,1064
0500000US42075,42075,"Lebanon County, Pennsylvania",51143,1532,35574,1696,15569,1425
0500000US42077,42077,"Lehigh County, Pennsylvania",139199,1278,89187,2908,50012,3015
0500000US42079,42079,"Luzerne County, Pennsylvania",124118,2369,84510,2507,39608,2553
0500000US42081,42081,"Lycoming County, Pennsylvania",45525,1417,30989,1501,14536,1345
0500000US42085,42085,"Mercer County, Pennsylvania",45630,1336,33278,1524,12352,1342
0500000US42089,42089,"Monroe County, Pennsylvania",57284,2360,43312,2422,13972,2182
0500000US42091,42091,"Montgomery County, Pennsylvania",312447,2361,222327,3281,90120,3649
0500000US42095,42095,"Northampton County, Pennsylvania",111760,1913,77131,2581,34629,2184
0500000US42097,42097,"Northumberland County, Pennsylvania",38098,1272,26682,1274,11416,1268
0500000US42101,42101,"Philadelphia County, Pennsylvania",580205,5087,302498,6177,277707,5673
0500000US42107,42107,"Schuylkill County, Pennsylvania",58149,1566,43452,1793,14697,1216
0500000US42111,42111,"Somerset County, Pennsylvania",29189,1127,22559,1031,6630,975
0500000US42125,42125,"Washington County, Pennsylvania",83117,1697,61848,2083,21269,1653
0500000US42129,42129,"Westmoreland County, Pennsylvania",148238,2416,116750,2854,31488,2452
0500000US42133,42133,"York County, Pennsylvania",169885,2322,128886,3322,40999,3028
0500000US44003,44003,"Kent County, Rhode Island",67747,1646,44166,2299,23581,2277
0500000US44005,44005,"Newport County, Rhode Island",35078,1398,20736,1263,14342,1652
0500000US44007,44007,"Providence County, Rhode Island",235728,3084,122223,3571,113505,4951
0500000US44009,44009,"Washington County, Rhode Island",50368,1679,37258,1554,13110,1717
0500000US45003,45003,"Aiken County, South Carolina",66751,1992,46645,1740,20106,2252
0500000US45007,45007,"Anderson County, South Carolina",75432,2178,50190,2670,25242,2414
0500000US45013,45013,"Beaufort County, South Carolina",67932,2595,50270,2422,17662,2460
0500000US45015,45015,"Berkeley County, South Carolina",75202,1439,53340,2298,21862,1817
0500000US45019,45019,"Charleston County, South Carolina",156836,3103,95776,2733,61060,3236
0500000US45031,45031,"Darlington County, South Carolina",25924,1169,19592,1472,6332,1149
0500000US45035,45035,"Dorchester County, South Carolina",55324,1276,38909,1808,16415,1802
0500000US45041,45041,"Florence County, South Carolina",50193,1743,34784,1903,15409,1746
0500000US45045,45045,"Greenville County, South Carolina",187957,2342,122066,3027,65891,3134
0500000US45047,45047,"Greenwood County, South Carolina",27533,1150,16729,1393,10804,1273
0500000US45051,45051,"Horry County, South Carolina",125562,3301,88402,3337,37160,2829
0500000US45057,45057,"Lancaster County, South Carolina",32630,1216,27252,1426,5378,1221
0500000US45059,45059,"Laurens County, South Carolina",24805,1232,16680,1134,8125,1305
0500000US45063,45063,"Lexington County, South Carolina",110146,2037,81383,2487,28763,2174
0500000US45073,45073,"Oconee County, South Carolina",31498,1248,22319,1536,9179,1674
0500000US45075,45075,"Orangeburg County, South Carolina",33449,1347,21726,1420,11723,1566
0500000US45077,45077,"Pickens County, South Carolina",47303,1354,31255,1757,16048,1650
0500000US45079,45079,"Richland County, South Carolina",153376,2566,89421,3242,63955,3939
0500000US45083,45083,"Spartanburg County, South Carolina",113463,2259,79280,2679,34183,2606
0500000US45085,45085,"Sumter County, South Carolina",41439,1441,27078,1902,14361,2038
0500000US45091,45091,"York County, South Carolina",98128,1665,68780,2826,29348,2617
0500000US46099,46099,"Minnehaha County, South Dakota",73808,1392,47542,1897,26266,1798
0500000US46103,46103,"Pennington County, South Dakota",42956,1437,29398,1309,13558,1507
0500000US47001,47001,"Anderson County, Tennessee",31209,1084,19958,1458,11251,1419
0500000US47009,47009,"Blount County, Tennessee",49672,1397,38456,1789,11216,1272
0500000US47011,47011,"Bradley County, Tennessee",40710,1251,26785,1599,13925,1647
0500000US47037,47037,"Davidson County, Tennessee",281967,3233,150725,3602,131242,3709
0500000US47059,47059,"Greene County, Tennessee",25418,1671,19051,1369,6367,1112
0500000US47065,47065,"Hamilton County, Tennessee",139615,2674,92169,2523,47446,2861
0500000US47093,47093,"Knox County, Tennessee",183889,3184,116549,2893,67340,3469
0500000US47113,47113,"Madison County, Tennessee",37322,1304,23131,1365,14191,1588
0500000US47119,47119,"Maury County, Tennessee",33667,951,23359,1441,10308,1293
0500000US47125,47125,"Montgomery County, Tennessee",69427,1755,41704,2536,27723,2618
0500000US47141,47141,"Putnam County, Tennessee",31343,1019,19388,1197,11955,1340
0500000US47147,47147,"Robertson County, Tennessee",25302,725,18341,981,6961,1148
0500000US47149,47149,"Rutherford County, Tennessee",111387,1266,73496,2844,37891,2842
0500000US47155,47155,"Sevier County, Tennessee",36098,1917,25161,1816,10937,1744
0500000US47157,47157,"Shelby County, Tennessee",354666,4263,187543,4372,167123,4783
0500000US47163,47163,"Sullivan County, Tennessee",64795,1676,46375,1983,18420,1985
0500000US47165,47165,"Sumner County, Tennessee",65186,1356,47469,1956,17717,1874
0500000US47179,47179,"Washington County, Tennessee",52707,1805,32840,1826,19867,1888
0500000US47187,47187,"Williamson County, Tennessee",73811,1371,57998,2176,15813,1873
0500000US47189,47189,"Wilson County, Tennessee",47707,1288,34258,1699,13449,1691
0500000US48005,48005,"Angelina County, Texas",30210,1391,18654,1685,11556,1533
0500000US48021,48021,"Bastrop County, Texas",25975,1428,21273,1660,4702,1293
0500000US48027,48027,"Bell County, Texas",119985,2331,64025,2736,55960,2880
0500000US48029,48029,"Bexar County, Texas",628924,4705,363812,6470,265112,6012
0500000US48037,48037,"Bowie County, Texas",33031,1391,21039,1555,11992,1532
0500000US48039,48039,"Brazoria County, Texas",117168,2891,83719,3169,33449,2870
0500000US48041,48041,"Brazos County, Texas",78272,2085,36187,2149,42085,2825
0500000US48061,48061,"Cameron County, Texas",120499,2424,80089,2941,40410,2669
0500000US48085,48085,"Collin County, Texas",334794,2415,222674,3736,112120,4078
0500000US48091,48091,"Comal County, Texas",48604,1422,35560,1658,13044,1774
0500000US48099,48099,"Coryell County, Texas",22682,1216,13605,1097,9077,1303
0500000US48113,48113,"Dallas County, Texas",924789,5111,456243,6705,468546,7348
0500000US48121,48121,"Denton County, Texas",281964,2810,179336,3142,102628,3680
0500000US48135,48135,"Ector County, Texas",51012,1394,32908,2097,18104,2075
0500000US48139,48139,"Ellis County, Texas",55586,1060,40836,1641,14750,1754
0500000US48141,48141,"El Paso County, Texas",267376,3238,160488,4842,106888,4798
0500000US48157,48157,"Fort Bend County, Texas",230121,3206,174116,4566,56005,4195
0500000US48167,48167,"Galveston County, Texas",120938,2296,77330,2508,43608,2874
0500000US48181,48181,"Grayson County, Texas",47135,1543,31842,1663,15293,1835
0500000US48183,48183,"Gregg County, Texas",45231,1442,26668,1829,18563,1841
0500000US48187,48187,"Guadalupe County, Texas",51935,1257,39444,1572,12491,1534
0500000US48201,48201,"Harris County, Texas",1606399,7964,862465,10205,743934,11414
0500000US48203,48203,"Harrison County, Texas",23742,1173,17035,1304,6707,1255
0500000US48209,48209,"Hays County, Texas",71267,1408,43597,2456,27670,2716
0500000US48213,48213,"Henderson County, Texas",30403,1432,22982,1700,7421,1304
0500000US48215,48215,"Hidalgo County, Texas",234716,4137,155421,4057,79295,4478
0500000US48231,48231,"Hunt County, Texas",31377,1309,22107,1209,9270,1308
0500000US48245,48245,"Jefferson County, Texas",95801,1773,57500,2842,38301,2868
0500000US48251,48251,"Johnson County, Texas",54048,1472,39392,1970,14656,1912
0500000US48257,48257,"Kaufman County, Texas",36696,918,27335,1577,9361,1476
0500000US48291,48291,"Liberty County, Texas",26204,1365,19225,1466,6979,1195
0500000US48303,48303,"Lubbock County, Texas",111975,2185,62582,2972,49393,2752
0500000US48309,48309,"McLennan County, Texas",87163,2069,51540,2353,35623,2323
0500000US48329,48329,"Midland County, Texas",56178,1332,35072,2176,21106,2104
0500000US48339,48339,"Montgomery County, Texas",193637,2985,136365,4572,57272,4408
0500000US48347,48347,"Nacogdoches County, Texas",23080,1302,12653,1159,10427,1500
0500000US48355,48355,"Nueces County, Texas",129254,3069,74589,2972,54665,3267
0500000US48361,48361,"Orange County, Texas",32538,1154,23331,1374,9207,1338
0500000US48367,48367,"Parker County, Texas",44098,1111,32963,1623,11135,1416
0500000US48375,48375,"Potter County, Texas",42179,1475,23347,1790,18832,1513
0500000US48381,48381,"Randall County, Texas",49728,1182,34196,1795,15532,1675
0500000US48397,48397,"Rockwall County, Texas",31620,839,25631,1476,5989,1421
0500000US48409,48409,"San Patricio County, Texas",23761,1048,16199,1230,7562,1244
0500000US48423,48423,"Smith County, Texas",75792,2510,50513,2753,25279,2177
0500000US48439,48439,"Tarrant County, Texas",696887,5661,418157,7545,278730,7557
0500000US48441,48441,"Taylor County, Texas",48607,1748,27638,1583,20969,1886
0500000US48451,48451,"Tom Green County, Texas",43497,1599,26483,1936,17014,1807
0500000US48453,48453,"Travis County, Texas",457810,4735,236286,4740,221524,5381
0500000US48469,48469,"Victoria County, Texas",32249,1161,19939,1462,12310,1435
0500000US48471,48471,"Walker County, Texas",21209,1991,11068,1277,10141,1749
0500000US48479,48479,"Webb County, Texas",73483,1469,46629,2049,26854,1966
0500000US48485,48485,"Wichita County, Texas",49486,2106,28452,1969,21034,2108
0500000US48491,48491,"Williamson County, Texas",173125,2554,117637,3691,55488,3513
0500000US49005,49005,"Cache County, Utah",37151,851,22748,1142,14403,1285
0500000US49011,49011,"Davis County, Utah",103665,1098,79109,2803,24556,2690
0500000US49035,49035,"Salt Lake County, Utah",366239,2978,242933,4761,123306,4325
0500000US49049,49049,"Utah County, Utah",157803,1545,105853,2488,51950,2612
0500000US49053,49053,"Washington County, Utah",51774,2021,38299,2152,13475,2089
0500000US49057,49057,"Weber County, Utah",79501,1861,60064,2072,19437,1743
0500000US50007,50007,"Chittenden County, Vermont",64867,1151,40780,2157,24087,1964
0500000US51003,51003,"Albemarle County, Virginia",40318,1322,24630,1300,15688,1352
0500000US51013,51013,"Arlington County, Virginia",103479,2496,46126,1830,57353,2799
0500000US51015,51015,"Augusta County, Virginia",29664,1026,23746,1444,5918,1238
0500000US51019,51019,"Bedford County, Virginia",29566,1390,23992,1408,5574,978
0500000US51041,51041,"Chesterfield County, Virginia",122221,1773,92705,2580,29516,2268
0500000US51059,51059,"Fairfax County, Virginia",395164,3138,266255,4524,128909,4738
0500000US51061,51061,"Fauquier County, Virginia",24777,782,18692,1235,6085,1268
0500000US51069,51069,"Frederick County, Virginia",30760,1218,24939,1329,5821,1022
0500000US51085,51085,"Hanover County, Virginia",37931,1008,31126,1261,6805,1270
0500000US51087,51087,"Henrico County, Virginia",127930,1552,80061,2631,47869,2636
0500000US51095,51095,"James City County, Virginia",28480,1491,21925,1317,6555,1251
0500000US51107,51107,"Loudoun County, Virginia",124916,1507,98891,2648,26025,2669
0500000US51121,51121,"Montgomery County, Virginia",36128,1231,19191,1428,16937,1545
0500000US51153,51153,"Prince William County, Virginia",139792,1821,96308,2939,43484,2776
0500000US51161,51161,"Roanoke County, Virginia",38541,1085,29414,1586,9127,1597
0500000US51165,51165,"Rockingham County, Virginia",31186,1080,21374,1467,9812,1331
0500000US51177,51177,"Spotsylvania County, Virginia",44169,785,35463,1516,8706,1326
0500000US51179,51179,"Stafford County, Virginia",47017,624,33718,1551,13299,1561
0500000US51199,51199,"York County, Virginia",23797,1170,15982,1178,7815,1077
0500000US51510,51510,"Alexandria city, Virginia",69875,1555,27764,1841,42111,2131
0500000US51550,51550,"Chesapeake city, Virginia",83364,1894,58966,2398,24398,2434
0500000US51650,51650,"Hampton city, Virginia",54181,1387,30773,1867,23408,1872
0500000US51680,51680,"Lynchburg city, Virginia",27545,1610,13472,1600,14073,2036
0500000US51700,51700,"Newport News city, Virginia",67628,2268,33415,1947,34213,2174
0500000US51710,51710,"Norfolk city, Virginia",87910,2122,36007,1919,51903,2579
0500000US51740,51740,"Portsmouth city, Virginia",36615,1104,19466,1407,17149,1545
0500000US51760,51760,"Richmond city, Virginia",91704,1869,37877,2019,53827,2196
0500000US51770,51770,"Roanoke city, Virginia",42213,1450,22314,1823,19899,1970
0500000US51800,51800,"Suffolk city, Virginia",33377,896,22115,1214,11262,1306
0500000US51810,51810,"Virginia Beach city, Virginia",168061,2472,104596,3303,63465,3324
0500000US53005,53005,"Benton County, Washington",70434,1240,48940,1618,21494,1767
0500000US53007,53007,"Chelan County, Washington",28353,1519,18380,1788,9973,1694
0500000US53009,53009,"Clallam County, Washington",31837,1051,22693,1258,9144,1068
0500000US53011,53011,"Clark County, Washington",169997,1585,115923,3094,54074,3067
0500000US53015,53015,"Cowlitz County, Washington",40170,934,27344,1321,12826,1412
0500000US53021,53021,"Franklin County, Washington",25903,740,17959,1315,7944,1408
0500000US53025,53025,"Grant County, Washington",28351,1435,17319,1644,11032,1349
0500000US53027,53027,"Grays Harbor County, Washington",27330,1573,19579,1348,7751,1442
0500000US53029,53029,"Island County, Washington",33365,1431,22280,1291,11085,1558
0500000US53033,53033,"King County, Washington",861154,4657,489235,7398,371919,7447
0500000US53035,53035,"Kitsap County, Washington",101995,2068,66771,2298,35224,2190
0500000US53041,53041,"Lewis County, Washington",29509,1114,20233,1133,9276,1111
0500000US53053,53053,"Pierce County, Washington",317671,2982,190661,4044,127010,4280
0500000US53057,53057,"Skagit County, Washington",46423,1167,31625,1303,14798,1475
0500000US53061,53061,"Snohomish County, Washington",286116,3382,191547,4323,94569,4416
0500000US53063,53063,"Spokane County, Washington",195807,2512,121905,3231,73902,3417
0500000US53067,53067,"Thurston County, Washington",105863,1975,66783,2506,39080,2595
0500000US53073,53073,"Whatcom County, Washington",84011,2072,49830,2353,34181,2107
0500000US53077,53077,"Yakima County, Washington",81084,1428,50865,2237,30219,2181
0500000US54003,54003,"Berkeley County, West Virginia",42369,1458,31568,1695,10801,1601
0500000US54011,54011,"Cabell County, West Virginia",39017,1549,22878,1688,16139,1792
0500000US54033,54033,"Harrison County, West Virginia",27741,1063,20561,1256,7180,1203
0500000US54039,54039,"Kanawha County, West Virginia",79049,1890,54344,2371,24705,2078
0500000US54061,54061,"Monongalia County, West Virginia",38699,1409,22139,1255,16560,1607
0500000US54081,54081,"Raleigh County, West Virginia",30431,1212,21624,1484,8807,1467
0500000US54107,54107,"Wood County, West Virginia",34991,1297,24149,1467,10842,1356
0500000US55009,55009,"Brown County, Wisconsin",104804,1335,68925,2054,35879,1953
0500000US55025,55025,"Dane County, Wisconsin",217506,2367,129976,2725,87530,3364
0500000US55027,55027,"Dodge County, Wisconsin",34648,810,23914,1000,10734,1024
0500000US55035,55035,"Eau Claire County, Wisconsin",41312,823,26150,1301,15162,1388
0500000US55039,55039,"Fond du Lac County, Wisconsin",40815,1069,29382,1133,11433,1157
0500000US55055,55055,"Jefferson County, Wisconsin",32378,932,21574,1134,10804,1079
0500000US55059,55059,"Kenosha County, Wisconsin",64386,1510,40145,1827,24241,1658
0500000US55063,55063,"La Crosse County, Wisconsin",47086,1066,30279,1479,16807,1360
0500000US55071,55071,"Manitowoc County, Wisconsin",34234,955,25968,1035,8266,936
0500000US55073,55073,"Marathon County, Wisconsin",55147,1042,40115,1667,15032,1648
0500000US55079,55079,"Milwaukee County, Wisconsin",381318,3039,188468,4338,192850,5511
0500000US55087,55087,"Outagamie County, Wisconsin",72994,1103,51390,1826,21604,1785
0500000US55089,55089,"Ozaukee County, Wisconsin",35417,1299,26686,1265,8731,1214
0500000US55097,55097,"Portage County, Wisconsin",28009,616,19125,760,8884,832
0500000US55101,55101,"Racine County, Wisconsin",75921,1566,49144,2078,26777,2264
0500000US55105,55105,"Rock County, Wisconsin",63222,1247,43739,1681,19483,1551
0500000US55109,55109,"St. Croix County, Wisconsin",33460,941,22811,1201,10649,1209
0500000US55117,55117,"Sheboygan County, Wisconsin",47652,943,33022,1486,14630,1525
0500000US55127,55127,"Walworth County, Wisconsin",40039,1193,26777,1158,13262,1212
0500000US55131,55131,"Washington County, Wisconsin",53090,1040,40692,1690,12398,1474
0500000US55133,55133,"Waukesha County, Wisconsin",156503,1399,119104,2073,37399,2113
0500000US55139,55139,"Winnebago County, Wisconsin",69943,1442,45246,1623,24697,1694
0500000US55141,55141,"Wood County, Wisconsin",32749,735,23502,1171,9247,1103
0500000US56021,56021,"Laramie County, Wyoming",38181,1341,25987,1343,12194,1416
0500000US56025,56025,"Natrona County, Wyoming",32059,1174,20843,1446,11216,1399
0500000US72013,72013,"Arecibo Municipio, Puerto Rico",32650,1622,22512,1633,10138,1515
0500000US72021,72021,"Bayamón Municipio, Puerto Rico",70124,2052,48038,1632,22086,1816
0500000US72025,72025,"Caguas Municipio, Puerto Rico",48272,1866,33310,1971,14962,1696
0500000US72031,72031,"Carolina Municipio, Puerto Rico",63447,1951,42725,2023,20722,1878
0500000US72061,72061,"Guaynabo Municipio, Puerto Rico",33066,1606,22959,1516,10107,1279
0500000US72097,72097,"Mayagüez Municipio, Puerto Rico",29138,1574,16070,1368,13068,1489
0500000US72113,72113,"Ponce Municipio, Puerto Rico",52447,1623,33353,1754,19094,1405
0500000US72127,72127,"San Juan Municipio, Puerto Rico",146719,3481,75731,2677,70988,3510
0500000US72135,72135,"Toa Alta Municipio, Puerto Rico",22394,1246,19153,1324,3241,997
0500000US72137,72137,"Toa Baja Municipio, Puerto Rico",28112,1357,19732,1450,8380,1346
0500000US72139,72139,"Trujillo Alto Municipio, Puerto Rico",24334,1075,16301,1138,8033,1124
